{"cameraMode":{"drawMode":0,"name":"Shaded","section":"Shading Mode"},"sceneLighting":true,"audioPlay":false,"sceneViewState":{"m_AlwaysRefresh":false,"showFog":true,"showSkybox":true,"showFlares":true,"showImageEffects":true,"showParticleSystems":true,"showVisualEffectGraphs":true,"m_FxEnabled":true},"in2DMode":false,"pivot":{"x":16.639175415039064,"y":1.2608020305633546,"z":25.032642364501954},"rotation":{"x":0.1739564836025238,"y":-0.10354134440422058,"z":0.018329309299588205,"w":0.979203999042511},"size":18.76960563659668,"orthographic":false}